{"cameraMode":{"drawMode":0,"name":"Shaded","section":"Shading Mode"},"sceneLighting":false,"audioPlay":false,"sceneViewState":{"showFog":true,"showMaterialUpdate":false,"showSkybox":false,"showFlares":true,"showImageEffects":true,"showParticleSystems":true},"in2DMode":false,"pivot":{"x":540.6201782226563,"y":942.8717651367188,"z":9.396322250366211},"rotation":{"x":-0.028801526874303819,"y":0.017089270055294038,"z":-0.0004938780912198126,"w":-0.9994418025016785},"size":4.180849075317383,"orthographic":true}