{"cameraMode":{"drawMode":0,"name":"Shaded","section":"Shading Mode"},"sceneLighting":false,"audioPlay":false,"sceneViewState":{"showFog":true,"showMaterialUpdate":false,"showSkybox":false,"showFlares":true,"showImageEffects":true,"showParticleSystems":true},"in2DMode":false,"pivot":{"x":-3.26171875,"y":-4.967041015625,"z":4.62109375},"rotation":{"x":0.0034010380040854217,"y":0.9965997338294983,"z":0.05836767703294754,"w":-0.058071259409189227},"size":17.727096557617189,"orthographic":true}