{"cameraMode":{"drawMode":0,"name":"Shaded","section":"Shading Mode"},"sceneLighting":true,"audioPlay":false,"sceneViewState":{"showFog":true,"showMaterialUpdate":false,"showSkybox":true,"showFlares":true,"showImageEffects":true,"showParticleSystems":true},"in2DMode":false,"pivot":{"x":-1.375588297843933,"y":1.6537158489227296,"z":3.336331367492676},"rotation":{"x":-0.020975997671484948,"y":-0.046473268419504169,"z":-0.0009768466698005796,"w":0.9987014532089233},"size":12.873906135559082,"orthographic":false}